week;climatic_year;min_value;max_value
1;1982;85.684;6450.359
1;1983;85.684;6450.359
1;1984;85.684;6450.359
1;1985;85.684;6450.359
1;1986;85.684;6450.359
1;1987;85.684;6450.359
1;1988;85.684;6450.359
1;1989;85.684;6450.359
1;1990;85.684;6450.359
1;1991;85.684;6450.359
1;1992;85.684;6450.359
1;1993;85.684;6450.359
1;1994;85.684;6450.359
1;1995;85.684;6450.359
1;1996;85.684;6450.359
1;1997;85.684;6450.359
1;1998;85.684;6450.359
1;1999;85.684;6450.359
1;2000;85.684;6450.359
1;2001;85.684;6450.359
1;2002;85.684;6450.359
1;2003;85.684;6450.359
1;2004;85.684;6450.359
1;2005;85.684;6450.359
1;2006;85.684;6450.359
1;2007;85.684;6450.359
1;2008;85.684;6450.359
1;2009;85.684;6450.359
1;2010;85.684;6450.359
1;2011;85.684;6450.359
1;2012;85.684;6450.359
1;2013;85.684;6450.359
1;2014;85.684;6450.359
1;2015;85.684;6450.359
1;2016;85.684;6450.359
1;2017;85.684;6450.359
2;1982;78.283;6494.671
2;1983;78.283;6494.671
2;1984;78.283;6494.671
2;1985;78.283;6494.671
2;1986;78.283;6494.671
2;1987;78.283;6494.671
2;1988;78.283;6494.671
2;1989;78.283;6494.671
2;1990;78.283;6494.671
2;1991;78.283;6494.671
2;1992;78.283;6494.671
2;1993;78.283;6494.671
2;1994;78.283;6494.671
2;1995;78.283;6494.671
2;1996;78.283;6494.671
2;1997;78.283;6494.671
2;1998;78.283;6494.671
2;1999;78.283;6494.671
2;2000;78.283;6494.671
2;2001;78.283;6494.671
2;2002;78.283;6494.671
2;2003;78.283;6494.671
2;2004;78.283;6494.671
2;2005;78.283;6494.671
2;2006;78.283;6494.671
2;2007;78.283;6494.671
2;2008;78.283;6494.671
2;2009;78.283;6494.671
2;2010;78.283;6494.671
2;2011;78.283;6494.671
2;2012;78.283;6494.671
2;2013;78.283;6494.671
2;2014;78.283;6494.671
2;2015;78.283;6494.671
2;2016;78.283;6494.671
2;2017;78.283;6494.671
3;1982;78.619;6498.378
3;1983;78.619;6498.378
3;1984;78.619;6498.378
3;1985;78.619;6498.378
3;1986;78.619;6498.378
3;1987;78.619;6498.378
3;1988;78.619;6498.378
3;1989;78.619;6498.378
3;1990;78.619;6498.378
3;1991;78.619;6498.378
3;1992;78.619;6498.378
3;1993;78.619;6498.378
3;1994;78.619;6498.378
3;1995;78.619;6498.378
3;1996;78.619;6498.378
3;1997;78.619;6498.378
3;1998;78.619;6498.378
3;1999;78.619;6498.378
3;2000;78.619;6498.378
3;2001;78.619;6498.378
3;2002;78.619;6498.378
3;2003;78.619;6498.378
3;2004;78.619;6498.378
3;2005;78.619;6498.378
3;2006;78.619;6498.378
3;2007;78.619;6498.378
3;2008;78.619;6498.378
3;2009;78.619;6498.378
3;2010;78.619;6498.378
3;2011;78.619;6498.378
3;2012;78.619;6498.378
3;2013;78.619;6498.378
3;2014;78.619;6498.378
3;2015;78.619;6498.378
3;2016;78.619;6498.378
3;2017;78.619;6498.378
4;1982;76.579;6351.786
4;1983;76.579;6351.786
4;1984;76.579;6351.786
4;1985;76.579;6351.786
4;1986;76.579;6351.786
4;1987;76.579;6351.786
4;1988;76.579;6351.786
4;1989;76.579;6351.786
4;1990;76.579;6351.786
4;1991;76.579;6351.786
4;1992;76.579;6351.786
4;1993;76.579;6351.786
4;1994;76.579;6351.786
4;1995;76.579;6351.786
4;1996;76.579;6351.786
4;1997;76.579;6351.786
4;1998;76.579;6351.786
4;1999;76.579;6351.786
4;2000;76.579;6351.786
4;2001;76.579;6351.786
4;2002;76.579;6351.786
4;2003;76.579;6351.786
4;2004;76.579;6351.786
4;2005;76.579;6351.786
4;2006;76.579;6351.786
4;2007;76.579;6351.786
4;2008;76.579;6351.786
4;2009;76.579;6351.786
4;2010;76.579;6351.786
4;2011;76.579;6351.786
4;2012;76.579;6351.786
4;2013;76.579;6351.786
4;2014;76.579;6351.786
4;2015;76.579;6351.786
4;2016;76.579;6351.786
4;2017;76.579;6351.786
5;1982;76.579;6251.475
5;1983;76.579;6251.475
5;1984;76.579;6251.475
5;1985;76.579;6251.475
5;1986;76.579;6251.475
5;1987;76.579;6251.475
5;1988;76.579;6251.475
5;1989;76.579;6251.475
5;1990;76.579;6251.475
5;1991;76.579;6251.475
5;1992;76.579;6251.475
5;1993;76.579;6251.475
5;1994;76.579;6251.475
5;1995;76.579;6251.475
5;1996;76.579;6251.475
5;1997;76.579;6251.475
5;1998;76.579;6251.475
5;1999;76.579;6251.475
5;2000;76.579;6251.475
5;2001;76.579;6251.475
5;2002;76.579;6251.475
5;2003;76.579;6251.475
5;2004;76.579;6251.475
5;2005;76.579;6251.475
5;2006;76.579;6251.475
5;2007;76.579;6251.475
5;2008;76.579;6251.475
5;2009;76.579;6251.475
5;2010;76.579;6251.475
5;2011;76.579;6251.475
5;2012;76.579;6251.475
5;2013;76.579;6251.475
5;2014;76.579;6251.475
5;2015;76.579;6251.475
5;2016;76.579;6251.475
5;2017;76.579;6251.475
6;1982;80.948;6310.264
6;1983;80.948;6310.264
6;1984;80.948;6310.264
6;1985;80.948;6310.264
6;1986;80.948;6310.264
6;1987;80.948;6310.264
6;1988;80.948;6310.264
6;1989;80.948;6310.264
6;1990;80.948;6310.264
6;1991;80.948;6310.264
6;1992;80.948;6310.264
6;1993;80.948;6310.264
6;1994;80.948;6310.264
6;1995;80.948;6310.264
6;1996;80.948;6310.264
6;1997;80.948;6310.264
6;1998;80.948;6310.264
6;1999;80.948;6310.264
6;2000;80.948;6310.264
6;2001;80.948;6310.264
6;2002;80.948;6310.264
6;2003;80.948;6310.264
6;2004;80.948;6310.264
6;2005;80.948;6310.264
6;2006;80.948;6310.264
6;2007;80.948;6310.264
6;2008;80.948;6310.264
6;2009;80.948;6310.264
6;2010;80.948;6310.264
6;2011;80.948;6310.264
6;2012;80.948;6310.264
6;2013;80.948;6310.264
6;2014;80.948;6310.264
6;2015;80.948;6310.264
6;2016;80.948;6310.264
6;2017;80.948;6310.264
7;1982;87.765;6236.12
7;1983;87.765;6236.12
7;1984;87.765;6236.12
7;1985;87.765;6236.12
7;1986;87.765;6236.12
7;1987;87.765;6236.12
7;1988;87.765;6236.12
7;1989;87.765;6236.12
7;1990;87.765;6236.12
7;1991;87.765;6236.12
7;1992;87.765;6236.12
7;1993;87.765;6236.12
7;1994;87.765;6236.12
7;1995;87.765;6236.12
7;1996;87.765;6236.12
7;1997;87.765;6236.12
7;1998;87.765;6236.12
7;1999;87.765;6236.12
7;2000;87.765;6236.12
7;2001;87.765;6236.12
7;2002;87.765;6236.12
7;2003;87.765;6236.12
7;2004;87.765;6236.12
7;2005;87.765;6236.12
7;2006;87.765;6236.12
7;2007;87.765;6236.12
7;2008;87.765;6236.12
7;2009;87.765;6236.12
7;2010;87.765;6236.12
7;2011;87.765;6236.12
7;2012;87.765;6236.12
7;2013;87.765;6236.12
7;2014;87.765;6236.12
7;2015;87.765;6236.12
7;2016;87.765;6236.12
7;2017;87.765;6236.12
8;1982;75.763;6360.759
8;1983;75.763;6360.759
8;1984;75.763;6360.759
8;1985;75.763;6360.759
8;1986;75.763;6360.759
8;1987;75.763;6360.759
8;1988;75.763;6360.759
8;1989;75.763;6360.759
8;1990;75.763;6360.759
8;1991;75.763;6360.759
8;1992;75.763;6360.759
8;1993;75.763;6360.759
8;1994;75.763;6360.759
8;1995;75.763;6360.759
8;1996;75.763;6360.759
8;1997;75.763;6360.759
8;1998;75.763;6360.759
8;1999;75.763;6360.759
8;2000;75.763;6360.759
8;2001;75.763;6360.759
8;2002;75.763;6360.759
8;2003;75.763;6360.759
8;2004;75.763;6360.759
8;2005;75.763;6360.759
8;2006;75.763;6360.759
8;2007;75.763;6360.759
8;2008;75.763;6360.759
8;2009;75.763;6360.759
8;2010;75.763;6360.759
8;2011;75.763;6360.759
8;2012;75.763;6360.759
8;2013;75.763;6360.759
8;2014;75.763;6360.759
8;2015;75.763;6360.759
8;2016;75.763;6360.759
8;2017;75.763;6360.759
9;1982;102.489;6308.22
9;1983;102.489;6308.22
9;1984;102.489;6308.22
9;1985;102.489;6308.22
9;1986;102.489;6308.22
9;1987;102.489;6308.22
9;1988;102.489;6308.22
9;1989;102.489;6308.22
9;1990;102.489;6308.22
9;1991;102.489;6308.22
9;1992;102.489;6308.22
9;1993;102.489;6308.22
9;1994;102.489;6308.22
9;1995;102.489;6308.22
9;1996;102.489;6308.22
9;1997;102.489;6308.22
9;1998;102.489;6308.22
9;1999;102.489;6308.22
9;2000;102.489;6308.22
9;2001;102.489;6308.22
9;2002;102.489;6308.22
9;2003;102.489;6308.22
9;2004;102.489;6308.22
9;2005;102.489;6308.22
9;2006;102.489;6308.22
9;2007;102.489;6308.22
9;2008;102.489;6308.22
9;2009;102.489;6308.22
9;2010;102.489;6308.22
9;2011;102.489;6308.22
9;2012;102.489;6308.22
9;2013;102.489;6308.22
9;2014;102.489;6308.22
9;2015;102.489;6308.22
9;2016;102.489;6308.22
9;2017;102.489;6308.22
10;1982;89.906;6313.173
10;1983;89.906;6313.173
10;1984;89.906;6313.173
10;1985;89.906;6313.173
10;1986;89.906;6313.173
10;1987;89.906;6313.173
10;1988;89.906;6313.173
10;1989;89.906;6313.173
10;1990;89.906;6313.173
10;1991;89.906;6313.173
10;1992;89.906;6313.173
10;1993;89.906;6313.173
10;1994;89.906;6313.173
10;1995;89.906;6313.173
10;1996;89.906;6313.173
10;1997;89.906;6313.173
10;1998;89.906;6313.173
10;1999;89.906;6313.173
10;2000;89.906;6313.173
10;2001;89.906;6313.173
10;2002;89.906;6313.173
10;2003;89.906;6313.173
10;2004;89.906;6313.173
10;2005;89.906;6313.173
10;2006;89.906;6313.173
10;2007;89.906;6313.173
10;2008;89.906;6313.173
10;2009;89.906;6313.173
10;2010;89.906;6313.173
10;2011;89.906;6313.173
10;2012;89.906;6313.173
10;2013;89.906;6313.173
10;2014;89.906;6313.173
10;2015;89.906;6313.173
10;2016;89.906;6313.173
10;2017;89.906;6313.173
11;1982;103.201;6410.144
11;1983;103.201;6410.144
11;1984;103.201;6410.144
11;1985;103.201;6410.144
11;1986;103.201;6410.144
11;1987;103.201;6410.144
11;1988;103.201;6410.144
11;1989;103.201;6410.144
11;1990;103.201;6410.144
11;1991;103.201;6410.144
11;1992;103.201;6410.144
11;1993;103.201;6410.144
11;1994;103.201;6410.144
11;1995;103.201;6410.144
11;1996;103.201;6410.144
11;1997;103.201;6410.144
11;1998;103.201;6410.144
11;1999;103.201;6410.144
11;2000;103.201;6410.144
11;2001;103.201;6410.144
11;2002;103.201;6410.144
11;2003;103.201;6410.144
11;2004;103.201;6410.144
11;2005;103.201;6410.144
11;2006;103.201;6410.144
11;2007;103.201;6410.144
11;2008;103.201;6410.144
11;2009;103.201;6410.144
11;2010;103.201;6410.144
11;2011;103.201;6410.144
11;2012;103.201;6410.144
11;2013;103.201;6410.144
11;2014;103.201;6410.144
11;2015;103.201;6410.144
11;2016;103.201;6410.144
11;2017;103.201;6410.144
12;1982;87.013;6404.728
12;1983;87.013;6404.728
12;1984;87.013;6404.728
12;1985;87.013;6404.728
12;1986;87.013;6404.728
12;1987;87.013;6404.728
12;1988;87.013;6404.728
12;1989;87.013;6404.728
12;1990;87.013;6404.728
12;1991;87.013;6404.728
12;1992;87.013;6404.728
12;1993;87.013;6404.728
12;1994;87.013;6404.728
12;1995;87.013;6404.728
12;1996;87.013;6404.728
12;1997;87.013;6404.728
12;1998;87.013;6404.728
12;1999;87.013;6404.728
12;2000;87.013;6404.728
12;2001;87.013;6404.728
12;2002;87.013;6404.728
12;2003;87.013;6404.728
12;2004;87.013;6404.728
12;2005;87.013;6404.728
12;2006;87.013;6404.728
12;2007;87.013;6404.728
12;2008;87.013;6404.728
12;2009;87.013;6404.728
12;2010;87.013;6404.728
12;2011;87.013;6404.728
12;2012;87.013;6404.728
12;2013;87.013;6404.728
12;2014;87.013;6404.728
12;2015;87.013;6404.728
12;2016;87.013;6404.728
12;2017;87.013;6404.728
13;1982;86.534;6405.441
13;1983;86.534;6405.441
13;1984;86.534;6405.441
13;1985;86.534;6405.441
13;1986;86.534;6405.441
13;1987;86.534;6405.441
13;1988;86.534;6405.441
13;1989;86.534;6405.441
13;1990;86.534;6405.441
13;1991;86.534;6405.441
13;1992;86.534;6405.441
13;1993;86.534;6405.441
13;1994;86.534;6405.441
13;1995;86.534;6405.441
13;1996;86.534;6405.441
13;1997;86.534;6405.441
13;1998;86.534;6405.441
13;1999;86.534;6405.441
13;2000;86.534;6405.441
13;2001;86.534;6405.441
13;2002;86.534;6405.441
13;2003;86.534;6405.441
13;2004;86.534;6405.441
13;2005;86.534;6405.441
13;2006;86.534;6405.441
13;2007;86.534;6405.441
13;2008;86.534;6405.441
13;2009;86.534;6405.441
13;2010;86.534;6405.441
13;2011;86.534;6405.441
13;2012;86.534;6405.441
13;2013;86.534;6405.441
13;2014;86.534;6405.441
13;2015;86.534;6405.441
13;2016;86.534;6405.441
13;2017;86.534;6405.441
14;1982;86.534;6590.428
14;1983;86.534;6590.428
14;1984;86.534;6590.428
14;1985;86.534;6590.428
14;1986;86.534;6590.428
14;1987;86.534;6590.428
14;1988;86.534;6590.428
14;1989;86.534;6590.428
14;1990;86.534;6590.428
14;1991;86.534;6590.428
14;1992;86.534;6590.428
14;1993;86.534;6590.428
14;1994;86.534;6590.428
14;1995;86.534;6590.428
14;1996;86.534;6590.428
14;1997;86.534;6590.428
14;1998;86.534;6590.428
14;1999;86.534;6590.428
14;2000;86.534;6590.428
14;2001;86.534;6590.428
14;2002;86.534;6590.428
14;2003;86.534;6590.428
14;2004;86.534;6590.428
14;2005;86.534;6590.428
14;2006;86.534;6590.428
14;2007;86.534;6590.428
14;2008;86.534;6590.428
14;2009;86.534;6590.428
14;2010;86.534;6590.428
14;2011;86.534;6590.428
14;2012;86.534;6590.428
14;2013;86.534;6590.428
14;2014;86.534;6590.428
14;2015;86.534;6590.428
14;2016;86.534;6590.428
14;2017;86.534;6590.428
15;1982;98.294;6561.973
15;1983;98.294;6561.973
15;1984;98.294;6561.973
15;1985;98.294;6561.973
15;1986;98.294;6561.973
15;1987;98.294;6561.973
15;1988;98.294;6561.973
15;1989;98.294;6561.973
15;1990;98.294;6561.973
15;1991;98.294;6561.973
15;1992;98.294;6561.973
15;1993;98.294;6561.973
15;1994;98.294;6561.973
15;1995;98.294;6561.973
15;1996;98.294;6561.973
15;1997;98.294;6561.973
15;1998;98.294;6561.973
15;1999;98.294;6561.973
15;2000;98.294;6561.973
15;2001;98.294;6561.973
15;2002;98.294;6561.973
15;2003;98.294;6561.973
15;2004;98.294;6561.973
15;2005;98.294;6561.973
15;2006;98.294;6561.973
15;2007;98.294;6561.973
15;2008;98.294;6561.973
15;2009;98.294;6561.973
15;2010;98.294;6561.973
15;2011;98.294;6561.973
15;2012;98.294;6561.973
15;2013;98.294;6561.973
15;2014;98.294;6561.973
15;2015;98.294;6561.973
15;2016;98.294;6561.973
15;2017;98.294;6561.973
16;1982;152.714;6567.556
16;1983;152.714;6567.556
16;1984;152.714;6567.556
16;1985;152.714;6567.556
16;1986;152.714;6567.556
16;1987;152.714;6567.556
16;1988;152.714;6567.556
16;1989;152.714;6567.556
16;1990;152.714;6567.556
16;1991;152.714;6567.556
16;1992;152.714;6567.556
16;1993;152.714;6567.556
16;1994;152.714;6567.556
16;1995;152.714;6567.556
16;1996;152.714;6567.556
16;1997;152.714;6567.556
16;1998;152.714;6567.556
16;1999;152.714;6567.556
16;2000;152.714;6567.556
16;2001;152.714;6567.556
16;2002;152.714;6567.556
16;2003;152.714;6567.556
16;2004;152.714;6567.556
16;2005;152.714;6567.556
16;2006;152.714;6567.556
16;2007;152.714;6567.556
16;2008;152.714;6567.556
16;2009;152.714;6567.556
16;2010;152.714;6567.556
16;2011;152.714;6567.556
16;2012;152.714;6567.556
16;2013;152.714;6567.556
16;2014;152.714;6567.556
16;2015;152.714;6567.556
16;2016;152.714;6567.556
16;2017;152.714;6567.556
17;1982;185.335;6534.639
17;1983;185.335;6534.639
17;1984;185.335;6534.639
17;1985;185.335;6534.639
17;1986;185.335;6534.639
17;1987;185.335;6534.639
17;1988;185.335;6534.639
17;1989;185.335;6534.639
17;1990;185.335;6534.639
17;1991;185.335;6534.639
17;1992;185.335;6534.639
17;1993;185.335;6534.639
17;1994;185.335;6534.639
17;1995;185.335;6534.639
17;1996;185.335;6534.639
17;1997;185.335;6534.639
17;1998;185.335;6534.639
17;1999;185.335;6534.639
17;2000;185.335;6534.639
17;2001;185.335;6534.639
17;2002;185.335;6534.639
17;2003;185.335;6534.639
17;2004;185.335;6534.639
17;2005;185.335;6534.639
17;2006;185.335;6534.639
17;2007;185.335;6534.639
17;2008;185.335;6534.639
17;2009;185.335;6534.639
17;2010;185.335;6534.639
17;2011;185.335;6534.639
17;2012;185.335;6534.639
17;2013;185.335;6534.639
17;2014;185.335;6534.639
17;2015;185.335;6534.639
17;2016;185.335;6534.639
17;2017;185.335;6534.639
18;1982;219.11;6530.35
18;1983;219.11;6530.35
18;1984;219.11;6530.35
18;1985;219.11;6530.35
18;1986;219.11;6530.35
18;1987;219.11;6530.35
18;1988;219.11;6530.35
18;1989;219.11;6530.35
18;1990;219.11;6530.35
18;1991;219.11;6530.35
18;1992;219.11;6530.35
18;1993;219.11;6530.35
18;1994;219.11;6530.35
18;1995;219.11;6530.35
18;1996;219.11;6530.35
18;1997;219.11;6530.35
18;1998;219.11;6530.35
18;1999;219.11;6530.35
18;2000;219.11;6530.35
18;2001;219.11;6530.35
18;2002;219.11;6530.35
18;2003;219.11;6530.35
18;2004;219.11;6530.35
18;2005;219.11;6530.35
18;2006;219.11;6530.35
18;2007;219.11;6530.35
18;2008;219.11;6530.35
18;2009;219.11;6530.35
18;2010;219.11;6530.35
18;2011;219.11;6530.35
18;2012;219.11;6530.35
18;2013;219.11;6530.35
18;2014;219.11;6530.35
18;2015;219.11;6530.35
18;2016;219.11;6530.35
18;2017;219.11;6530.35
19;1982;234.501;6748.531
19;1983;234.501;6748.531
19;1984;234.501;6748.531
19;1985;234.501;6748.531
19;1986;234.501;6748.531
19;1987;234.501;6748.531
19;1988;234.501;6748.531
19;1989;234.501;6748.531
19;1990;234.501;6748.531
19;1991;234.501;6748.531
19;1992;234.501;6748.531
19;1993;234.501;6748.531
19;1994;234.501;6748.531
19;1995;234.501;6748.531
19;1996;234.501;6748.531
19;1997;234.501;6748.531
19;1998;234.501;6748.531
19;1999;234.501;6748.531
19;2000;234.501;6748.531
19;2001;234.501;6748.531
19;2002;234.501;6748.531
19;2003;234.501;6748.531
19;2004;234.501;6748.531
19;2005;234.501;6748.531
19;2006;234.501;6748.531
19;2007;234.501;6748.531
19;2008;234.501;6748.531
19;2009;234.501;6748.531
19;2010;234.501;6748.531
19;2011;234.501;6748.531
19;2012;234.501;6748.531
19;2013;234.501;6748.531
19;2014;234.501;6748.531
19;2015;234.501;6748.531
19;2016;234.501;6748.531
19;2017;234.501;6748.531
20;1982;245.724;6727.808
20;1983;245.724;6727.808
20;1984;245.724;6727.808
20;1985;245.724;6727.808
20;1986;245.724;6727.808
20;1987;245.724;6727.808
20;1988;245.724;6727.808
20;1989;245.724;6727.808
20;1990;245.724;6727.808
20;1991;245.724;6727.808
20;1992;245.724;6727.808
20;1993;245.724;6727.808
20;1994;245.724;6727.808
20;1995;245.724;6727.808
20;1996;245.724;6727.808
20;1997;245.724;6727.808
20;1998;245.724;6727.808
20;1999;245.724;6727.808
20;2000;245.724;6727.808
20;2001;245.724;6727.808
20;2002;245.724;6727.808
20;2003;245.724;6727.808
20;2004;245.724;6727.808
20;2005;245.724;6727.808
20;2006;245.724;6727.808
20;2007;245.724;6727.808
20;2008;245.724;6727.808
20;2009;245.724;6727.808
20;2010;245.724;6727.808
20;2011;245.724;6727.808
20;2012;245.724;6727.808
20;2013;245.724;6727.808
20;2014;245.724;6727.808
20;2015;245.724;6727.808
20;2016;245.724;6727.808
20;2017;245.724;6727.808
21;1982;491.77;6712.858
21;1983;491.77;6712.858
21;1984;491.77;6712.858
21;1985;491.77;6712.858
21;1986;491.77;6712.858
21;1987;491.77;6712.858
21;1988;491.77;6712.858
21;1989;491.77;6712.858
21;1990;491.77;6712.858
21;1991;491.77;6712.858
21;1992;491.77;6712.858
21;1993;491.77;6712.858
21;1994;491.77;6712.858
21;1995;491.77;6712.858
21;1996;491.77;6712.858
21;1997;491.77;6712.858
21;1998;491.77;6712.858
21;1999;491.77;6712.858
21;2000;491.77;6712.858
21;2001;491.77;6712.858
21;2002;491.77;6712.858
21;2003;491.77;6712.858
21;2004;491.77;6712.858
21;2005;491.77;6712.858
21;2006;491.77;6712.858
21;2007;491.77;6712.858
21;2008;491.77;6712.858
21;2009;491.77;6712.858
21;2010;491.77;6712.858
21;2011;491.77;6712.858
21;2012;491.77;6712.858
21;2013;491.77;6712.858
21;2014;491.77;6712.858
21;2015;491.77;6712.858
21;2016;491.77;6712.858
21;2017;491.77;6712.858
22;1982;647.827;6591.268
22;1983;647.827;6591.268
22;1984;647.827;6591.268
22;1985;647.827;6591.268
22;1986;647.827;6591.268
22;1987;647.827;6591.268
22;1988;647.827;6591.268
22;1989;647.827;6591.268
22;1990;647.827;6591.268
22;1991;647.827;6591.268
22;1992;647.827;6591.268
22;1993;647.827;6591.268
22;1994;647.827;6591.268
22;1995;647.827;6591.268
22;1996;647.827;6591.268
22;1997;647.827;6591.268
22;1998;647.827;6591.268
22;1999;647.827;6591.268
22;2000;647.827;6591.268
22;2001;647.827;6591.268
22;2002;647.827;6591.268
22;2003;647.827;6591.268
22;2004;647.827;6591.268
22;2005;647.827;6591.268
22;2006;647.827;6591.268
22;2007;647.827;6591.268
22;2008;647.827;6591.268
22;2009;647.827;6591.268
22;2010;647.827;6591.268
22;2011;647.827;6591.268
22;2012;647.827;6591.268
22;2013;647.827;6591.268
22;2014;647.827;6591.268
22;2015;647.827;6591.268
22;2016;647.827;6591.268
22;2017;647.827;6591.268
23;1982;762.626;6586.628
23;1983;762.626;6586.628
23;1984;762.626;6586.628
23;1985;762.626;6586.628
23;1986;762.626;6586.628
23;1987;762.626;6586.628
23;1988;762.626;6586.628
23;1989;762.626;6586.628
23;1990;762.626;6586.628
23;1991;762.626;6586.628
23;1992;762.626;6586.628
23;1993;762.626;6586.628
23;1994;762.626;6586.628
23;1995;762.626;6586.628
23;1996;762.626;6586.628
23;1997;762.626;6586.628
23;1998;762.626;6586.628
23;1999;762.626;6586.628
23;2000;762.626;6586.628
23;2001;762.626;6586.628
23;2002;762.626;6586.628
23;2003;762.626;6586.628
23;2004;762.626;6586.628
23;2005;762.626;6586.628
23;2006;762.626;6586.628
23;2007;762.626;6586.628
23;2008;762.626;6586.628
23;2009;762.626;6586.628
23;2010;762.626;6586.628
23;2011;762.626;6586.628
23;2012;762.626;6586.628
23;2013;762.626;6586.628
23;2014;762.626;6586.628
23;2015;762.626;6586.628
23;2016;762.626;6586.628
23;2017;762.626;6586.628
24;1982;771.705;6562.69
24;1983;771.705;6562.69
24;1984;771.705;6562.69
24;1985;771.705;6562.69
24;1986;771.705;6562.69
24;1987;771.705;6562.69
24;1988;771.705;6562.69
24;1989;771.705;6562.69
24;1990;771.705;6562.69
24;1991;771.705;6562.69
24;1992;771.705;6562.69
24;1993;771.705;6562.69
24;1994;771.705;6562.69
24;1995;771.705;6562.69
24;1996;771.705;6562.69
24;1997;771.705;6562.69
24;1998;771.705;6562.69
24;1999;771.705;6562.69
24;2000;771.705;6562.69
24;2001;771.705;6562.69
24;2002;771.705;6562.69
24;2003;771.705;6562.69
24;2004;771.705;6562.69
24;2005;771.705;6562.69
24;2006;771.705;6562.69
24;2007;771.705;6562.69
24;2008;771.705;6562.69
24;2009;771.705;6562.69
24;2010;771.705;6562.69
24;2011;771.705;6562.69
24;2012;771.705;6562.69
24;2013;771.705;6562.69
24;2014;771.705;6562.69
24;2015;771.705;6562.69
24;2016;771.705;6562.69
24;2017;771.705;6562.69
25;1982;650.771;6352.89
25;1983;650.771;6352.89
25;1984;650.771;6352.89
25;1985;650.771;6352.89
25;1986;650.771;6352.89
25;1987;650.771;6352.89
25;1988;650.771;6352.89
25;1989;650.771;6352.89
25;1990;650.771;6352.89
25;1991;650.771;6352.89
25;1992;650.771;6352.89
25;1993;650.771;6352.89
25;1994;650.771;6352.89
25;1995;650.771;6352.89
25;1996;650.771;6352.89
25;1997;650.771;6352.89
25;1998;650.771;6352.89
25;1999;650.771;6352.89
25;2000;650.771;6352.89
25;2001;650.771;6352.89
25;2002;650.771;6352.89
25;2003;650.771;6352.89
25;2004;650.771;6352.89
25;2005;650.771;6352.89
25;2006;650.771;6352.89
25;2007;650.771;6352.89
25;2008;650.771;6352.89
25;2009;650.771;6352.89
25;2010;650.771;6352.89
25;2011;650.771;6352.89
25;2012;650.771;6352.89
25;2013;650.771;6352.89
25;2014;650.771;6352.89
25;2015;650.771;6352.89
25;2016;650.771;6352.89
25;2017;650.771;6352.89
26;1982;590.849;6650.248
26;1983;590.849;6650.248
26;1984;590.849;6650.248
26;1985;590.849;6650.248
26;1986;590.849;6650.248
26;1987;590.849;6650.248
26;1988;590.849;6650.248
26;1989;590.849;6650.248
26;1990;590.849;6650.248
26;1991;590.849;6650.248
26;1992;590.849;6650.248
26;1993;590.849;6650.248
26;1994;590.849;6650.248
26;1995;590.849;6650.248
26;1996;590.849;6650.248
26;1997;590.849;6650.248
26;1998;590.849;6650.248
26;1999;590.849;6650.248
26;2000;590.849;6650.248
26;2001;590.849;6650.248
26;2002;590.849;6650.248
26;2003;590.849;6650.248
26;2004;590.849;6650.248
26;2005;590.849;6650.248
26;2006;590.849;6650.248
26;2007;590.849;6650.248
26;2008;590.849;6650.248
26;2009;590.849;6650.248
26;2010;590.849;6650.248
26;2011;590.849;6650.248
26;2012;590.849;6650.248
26;2013;590.849;6650.248
26;2014;590.849;6650.248
26;2015;590.849;6650.248
26;2016;590.849;6650.248
26;2017;590.849;6650.248
27;1982;553.181;6637.058
27;1983;553.181;6637.058
27;1984;553.181;6637.058
27;1985;553.181;6637.058
27;1986;553.181;6637.058
27;1987;553.181;6637.058
27;1988;553.181;6637.058
27;1989;553.181;6637.058
27;1990;553.181;6637.058
27;1991;553.181;6637.058
27;1992;553.181;6637.058
27;1993;553.181;6637.058
27;1994;553.181;6637.058
27;1995;553.181;6637.058
27;1996;553.181;6637.058
27;1997;553.181;6637.058
27;1998;553.181;6637.058
27;1999;553.181;6637.058
27;2000;553.181;6637.058
27;2001;553.181;6637.058
27;2002;553.181;6637.058
27;2003;553.181;6637.058
27;2004;553.181;6637.058
27;2005;553.181;6637.058
27;2006;553.181;6637.058
27;2007;553.181;6637.058
27;2008;553.181;6637.058
27;2009;553.181;6637.058
27;2010;553.181;6637.058
27;2011;553.181;6637.058
27;2012;553.181;6637.058
27;2013;553.181;6637.058
27;2014;553.181;6637.058
27;2015;553.181;6637.058
27;2016;553.181;6637.058
27;2017;553.181;6637.058
28;1982;397.545;6495.485
28;1983;397.545;6495.485
28;1984;397.545;6495.485
28;1985;397.545;6495.485
28;1986;397.545;6495.485
28;1987;397.545;6495.485
28;1988;397.545;6495.485
28;1989;397.545;6495.485
28;1990;397.545;6495.485
28;1991;397.545;6495.485
28;1992;397.545;6495.485
28;1993;397.545;6495.485
28;1994;397.545;6495.485
28;1995;397.545;6495.485
28;1996;397.545;6495.485
28;1997;397.545;6495.485
28;1998;397.545;6495.485
28;1999;397.545;6495.485
28;2000;397.545;6495.485
28;2001;397.545;6495.485
28;2002;397.545;6495.485
28;2003;397.545;6495.485
28;2004;397.545;6495.485
28;2005;397.545;6495.485
28;2006;397.545;6495.485
28;2007;397.545;6495.485
28;2008;397.545;6495.485
28;2009;397.545;6495.485
28;2010;397.545;6495.485
28;2011;397.545;6495.485
28;2012;397.545;6495.485
28;2013;397.545;6495.485
28;2014;397.545;6495.485
28;2015;397.545;6495.485
28;2016;397.545;6495.485
28;2017;397.545;6495.485
29;1982;398.022;6367.109
29;1983;398.022;6367.109
29;1984;398.022;6367.109
29;1985;398.022;6367.109
29;1986;398.022;6367.109
29;1987;398.022;6367.109
29;1988;398.022;6367.109
29;1989;398.022;6367.109
29;1990;398.022;6367.109
29;1991;398.022;6367.109
29;1992;398.022;6367.109
29;1993;398.022;6367.109
29;1994;398.022;6367.109
29;1995;398.022;6367.109
29;1996;398.022;6367.109
29;1997;398.022;6367.109
29;1998;398.022;6367.109
29;1999;398.022;6367.109
29;2000;398.022;6367.109
29;2001;398.022;6367.109
29;2002;398.022;6367.109
29;2003;398.022;6367.109
29;2004;398.022;6367.109
29;2005;398.022;6367.109
29;2006;398.022;6367.109
29;2007;398.022;6367.109
29;2008;398.022;6367.109
29;2009;398.022;6367.109
29;2010;398.022;6367.109
29;2011;398.022;6367.109
29;2012;398.022;6367.109
29;2013;398.022;6367.109
29;2014;398.022;6367.109
29;2015;398.022;6367.109
29;2016;398.022;6367.109
29;2017;398.022;6367.109
30;1982;397.454;6213.364
30;1983;397.454;6213.364
30;1984;397.454;6213.364
30;1985;397.454;6213.364
30;1986;397.454;6213.364
30;1987;397.454;6213.364
30;1988;397.454;6213.364
30;1989;397.454;6213.364
30;1990;397.454;6213.364
30;1991;397.454;6213.364
30;1992;397.454;6213.364
30;1993;397.454;6213.364
30;1994;397.454;6213.364
30;1995;397.454;6213.364
30;1996;397.454;6213.364
30;1997;397.454;6213.364
30;1998;397.454;6213.364
30;1999;397.454;6213.364
30;2000;397.454;6213.364
30;2001;397.454;6213.364
30;2002;397.454;6213.364
30;2003;397.454;6213.364
30;2004;397.454;6213.364
30;2005;397.454;6213.364
30;2006;397.454;6213.364
30;2007;397.454;6213.364
30;2008;397.454;6213.364
30;2009;397.454;6213.364
30;2010;397.454;6213.364
30;2011;397.454;6213.364
30;2012;397.454;6213.364
30;2013;397.454;6213.364
30;2014;397.454;6213.364
30;2015;397.454;6213.364
30;2016;397.454;6213.364
30;2017;397.454;6213.364
31;1982;463.897;6448.858
31;1983;463.897;6448.858
31;1984;463.897;6448.858
31;1985;463.897;6448.858
31;1986;463.897;6448.858
31;1987;463.897;6448.858
31;1988;463.897;6448.858
31;1989;463.897;6448.858
31;1990;463.897;6448.858
31;1991;463.897;6448.858
31;1992;463.897;6448.858
31;1993;463.897;6448.858
31;1994;463.897;6448.858
31;1995;463.897;6448.858
31;1996;463.897;6448.858
31;1997;463.897;6448.858
31;1998;463.897;6448.858
31;1999;463.897;6448.858
31;2000;463.897;6448.858
31;2001;463.897;6448.858
31;2002;463.897;6448.858
31;2003;463.897;6448.858
31;2004;463.897;6448.858
31;2005;463.897;6448.858
31;2006;463.897;6448.858
31;2007;463.897;6448.858
31;2008;463.897;6448.858
31;2009;463.897;6448.858
31;2010;463.897;6448.858
31;2011;463.897;6448.858
31;2012;463.897;6448.858
31;2013;463.897;6448.858
31;2014;463.897;6448.858
31;2015;463.897;6448.858
31;2016;463.897;6448.858
31;2017;463.897;6448.858
32;1982;461.117;6491.725
32;1983;461.117;6491.725
32;1984;461.117;6491.725
32;1985;461.117;6491.725
32;1986;461.117;6491.725
32;1987;461.117;6491.725
32;1988;461.117;6491.725
32;1989;461.117;6491.725
32;1990;461.117;6491.725
32;1991;461.117;6491.725
32;1992;461.117;6491.725
32;1993;461.117;6491.725
32;1994;461.117;6491.725
32;1995;461.117;6491.725
32;1996;461.117;6491.725
32;1997;461.117;6491.725
32;1998;461.117;6491.725
32;1999;461.117;6491.725
32;2000;461.117;6491.725
32;2001;461.117;6491.725
32;2002;461.117;6491.725
32;2003;461.117;6491.725
32;2004;461.117;6491.725
32;2005;461.117;6491.725
32;2006;461.117;6491.725
32;2007;461.117;6491.725
32;2008;461.117;6491.725
32;2009;461.117;6491.725
32;2010;461.117;6491.725
32;2011;461.117;6491.725
32;2012;461.117;6491.725
32;2013;461.117;6491.725
32;2014;461.117;6491.725
32;2015;461.117;6491.725
32;2016;461.117;6491.725
32;2017;461.117;6491.725
33;1982;431.982;6447.149
33;1983;431.982;6447.149
33;1984;431.982;6447.149
33;1985;431.982;6447.149
33;1986;431.982;6447.149
33;1987;431.982;6447.149
33;1988;431.982;6447.149
33;1989;431.982;6447.149
33;1990;431.982;6447.149
33;1991;431.982;6447.149
33;1992;431.982;6447.149
33;1993;431.982;6447.149
33;1994;431.982;6447.149
33;1995;431.982;6447.149
33;1996;431.982;6447.149
33;1997;431.982;6447.149
33;1998;431.982;6447.149
33;1999;431.982;6447.149
33;2000;431.982;6447.149
33;2001;431.982;6447.149
33;2002;431.982;6447.149
33;2003;431.982;6447.149
33;2004;431.982;6447.149
33;2005;431.982;6447.149
33;2006;431.982;6447.149
33;2007;431.982;6447.149
33;2008;431.982;6447.149
33;2009;431.982;6447.149
33;2010;431.982;6447.149
33;2011;431.982;6447.149
33;2012;431.982;6447.149
33;2013;431.982;6447.149
33;2014;431.982;6447.149
33;2015;431.982;6447.149
33;2016;431.982;6447.149
33;2017;431.982;6447.149
34;1982;280.93;6343.095
34;1983;280.93;6343.095
34;1984;280.93;6343.095
34;1985;280.93;6343.095
34;1986;280.93;6343.095
34;1987;280.93;6343.095
34;1988;280.93;6343.095
34;1989;280.93;6343.095
34;1990;280.93;6343.095
34;1991;280.93;6343.095
34;1992;280.93;6343.095
34;1993;280.93;6343.095
34;1994;280.93;6343.095
34;1995;280.93;6343.095
34;1996;280.93;6343.095
34;1997;280.93;6343.095
34;1998;280.93;6343.095
34;1999;280.93;6343.095
34;2000;280.93;6343.095
34;2001;280.93;6343.095
34;2002;280.93;6343.095
34;2003;280.93;6343.095
34;2004;280.93;6343.095
34;2005;280.93;6343.095
34;2006;280.93;6343.095
34;2007;280.93;6343.095
34;2008;280.93;6343.095
34;2009;280.93;6343.095
34;2010;280.93;6343.095
34;2011;280.93;6343.095
34;2012;280.93;6343.095
34;2013;280.93;6343.095
34;2014;280.93;6343.095
34;2015;280.93;6343.095
34;2016;280.93;6343.095
34;2017;280.93;6343.095
35;1982;279.199;6271.145
35;1983;279.199;6271.145
35;1984;279.199;6271.145
35;1985;279.199;6271.145
35;1986;279.199;6271.145
35;1987;279.199;6271.145
35;1988;279.199;6271.145
35;1989;279.199;6271.145
35;1990;279.199;6271.145
35;1991;279.199;6271.145
35;1992;279.199;6271.145
35;1993;279.199;6271.145
35;1994;279.199;6271.145
35;1995;279.199;6271.145
35;1996;279.199;6271.145
35;1997;279.199;6271.145
35;1998;279.199;6271.145
35;1999;279.199;6271.145
35;2000;279.199;6271.145
35;2001;279.199;6271.145
35;2002;279.199;6271.145
35;2003;279.199;6271.145
35;2004;279.199;6271.145
35;2005;279.199;6271.145
35;2006;279.199;6271.145
35;2007;279.199;6271.145
35;2008;279.199;6271.145
35;2009;279.199;6271.145
35;2010;279.199;6271.145
35;2011;279.199;6271.145
35;2012;279.199;6271.145
35;2013;279.199;6271.145
35;2014;279.199;6271.145
35;2015;279.199;6271.145
35;2016;279.199;6271.145
35;2017;279.199;6271.145
36;1982;279.199;6218.376
36;1983;279.199;6218.376
36;1984;279.199;6218.376
36;1985;279.199;6218.376
36;1986;279.199;6218.376
36;1987;279.199;6218.376
36;1988;279.199;6218.376
36;1989;279.199;6218.376
36;1990;279.199;6218.376
36;1991;279.199;6218.376
36;1992;279.199;6218.376
36;1993;279.199;6218.376
36;1994;279.199;6218.376
36;1995;279.199;6218.376
36;1996;279.199;6218.376
36;1997;279.199;6218.376
36;1998;279.199;6218.376
36;1999;279.199;6218.376
36;2000;279.199;6218.376
36;2001;279.199;6218.376
36;2002;279.199;6218.376
36;2003;279.199;6218.376
36;2004;279.199;6218.376
36;2005;279.199;6218.376
36;2006;279.199;6218.376
36;2007;279.199;6218.376
36;2008;279.199;6218.376
36;2009;279.199;6218.376
36;2010;279.199;6218.376
36;2011;279.199;6218.376
36;2012;279.199;6218.376
36;2013;279.199;6218.376
36;2014;279.199;6218.376
36;2015;279.199;6218.376
36;2016;279.199;6218.376
36;2017;279.199;6218.376
37;1982;224.55;6078.619
37;1983;224.55;6078.619
37;1984;224.55;6078.619
37;1985;224.55;6078.619
37;1986;224.55;6078.619
37;1987;224.55;6078.619
37;1988;224.55;6078.619
37;1989;224.55;6078.619
37;1990;224.55;6078.619
37;1991;224.55;6078.619
37;1992;224.55;6078.619
37;1993;224.55;6078.619
37;1994;224.55;6078.619
37;1995;224.55;6078.619
37;1996;224.55;6078.619
37;1997;224.55;6078.619
37;1998;224.55;6078.619
37;1999;224.55;6078.619
37;2000;224.55;6078.619
37;2001;224.55;6078.619
37;2002;224.55;6078.619
37;2003;224.55;6078.619
37;2004;224.55;6078.619
37;2005;224.55;6078.619
37;2006;224.55;6078.619
37;2007;224.55;6078.619
37;2008;224.55;6078.619
37;2009;224.55;6078.619
37;2010;224.55;6078.619
37;2011;224.55;6078.619
37;2012;224.55;6078.619
37;2013;224.55;6078.619
37;2014;224.55;6078.619
37;2015;224.55;6078.619
37;2016;224.55;6078.619
37;2017;224.55;6078.619
38;1982;176.717;6434.329
38;1983;176.717;6434.329
38;1984;176.717;6434.329
38;1985;176.717;6434.329
38;1986;176.717;6434.329
38;1987;176.717;6434.329
38;1988;176.717;6434.329
38;1989;176.717;6434.329
38;1990;176.717;6434.329
38;1991;176.717;6434.329
38;1992;176.717;6434.329
38;1993;176.717;6434.329
38;1994;176.717;6434.329
38;1995;176.717;6434.329
38;1996;176.717;6434.329
38;1997;176.717;6434.329
38;1998;176.717;6434.329
38;1999;176.717;6434.329
38;2000;176.717;6434.329
38;2001;176.717;6434.329
38;2002;176.717;6434.329
38;2003;176.717;6434.329
38;2004;176.717;6434.329
38;2005;176.717;6434.329
38;2006;176.717;6434.329
38;2007;176.717;6434.329
38;2008;176.717;6434.329
38;2009;176.717;6434.329
38;2010;176.717;6434.329
38;2011;176.717;6434.329
38;2012;176.717;6434.329
38;2013;176.717;6434.329
38;2014;176.717;6434.329
38;2015;176.717;6434.329
38;2016;176.717;6434.329
38;2017;176.717;6434.329
39;1982;118.201;6419.607
39;1983;118.201;6419.607
39;1984;118.201;6419.607
39;1985;118.201;6419.607
39;1986;118.201;6419.607
39;1987;118.201;6419.607
39;1988;118.201;6419.607
39;1989;118.201;6419.607
39;1990;118.201;6419.607
39;1991;118.201;6419.607
39;1992;118.201;6419.607
39;1993;118.201;6419.607
39;1994;118.201;6419.607
39;1995;118.201;6419.607
39;1996;118.201;6419.607
39;1997;118.201;6419.607
39;1998;118.201;6419.607
39;1999;118.201;6419.607
39;2000;118.201;6419.607
39;2001;118.201;6419.607
39;2002;118.201;6419.607
39;2003;118.201;6419.607
39;2004;118.201;6419.607
39;2005;118.201;6419.607
39;2006;118.201;6419.607
39;2007;118.201;6419.607
39;2008;118.201;6419.607
39;2009;118.201;6419.607
39;2010;118.201;6419.607
39;2011;118.201;6419.607
39;2012;118.201;6419.607
39;2013;118.201;6419.607
39;2014;118.201;6419.607
39;2015;118.201;6419.607
39;2016;118.201;6419.607
39;2017;118.201;6419.607
40;1982;97.286;6381.83
40;1983;97.286;6381.83
40;1984;97.286;6381.83
40;1985;97.286;6381.83
40;1986;97.286;6381.83
40;1987;97.286;6381.83
40;1988;97.286;6381.83
40;1989;97.286;6381.83
40;1990;97.286;6381.83
40;1991;97.286;6381.83
40;1992;97.286;6381.83
40;1993;97.286;6381.83
40;1994;97.286;6381.83
40;1995;97.286;6381.83
40;1996;97.286;6381.83
40;1997;97.286;6381.83
40;1998;97.286;6381.83
40;1999;97.286;6381.83
40;2000;97.286;6381.83
40;2001;97.286;6381.83
40;2002;97.286;6381.83
40;2003;97.286;6381.83
40;2004;97.286;6381.83
40;2005;97.286;6381.83
40;2006;97.286;6381.83
40;2007;97.286;6381.83
40;2008;97.286;6381.83
40;2009;97.286;6381.83
40;2010;97.286;6381.83
40;2011;97.286;6381.83
40;2012;97.286;6381.83
40;2013;97.286;6381.83
40;2014;97.286;6381.83
40;2015;97.286;6381.83
40;2016;97.286;6381.83
40;2017;97.286;6381.83
41;1982;97.194;6360.457
41;1983;97.194;6360.457
41;1984;97.194;6360.457
41;1985;97.194;6360.457
41;1986;97.194;6360.457
41;1987;97.194;6360.457
41;1988;97.194;6360.457
41;1989;97.194;6360.457
41;1990;97.194;6360.457
41;1991;97.194;6360.457
41;1992;97.194;6360.457
41;1993;97.194;6360.457
41;1994;97.194;6360.457
41;1995;97.194;6360.457
41;1996;97.194;6360.457
41;1997;97.194;6360.457
41;1998;97.194;6360.457
41;1999;97.194;6360.457
41;2000;97.194;6360.457
41;2001;97.194;6360.457
41;2002;97.194;6360.457
41;2003;97.194;6360.457
41;2004;97.194;6360.457
41;2005;97.194;6360.457
41;2006;97.194;6360.457
41;2007;97.194;6360.457
41;2008;97.194;6360.457
41;2009;97.194;6360.457
41;2010;97.194;6360.457
41;2011;97.194;6360.457
41;2012;97.194;6360.457
41;2013;97.194;6360.457
41;2014;97.194;6360.457
41;2015;97.194;6360.457
41;2016;97.194;6360.457
41;2017;97.194;6360.457
42;1982;88.036;6153.544
42;1983;88.036;6153.544
42;1984;88.036;6153.544
42;1985;88.036;6153.544
42;1986;88.036;6153.544
42;1987;88.036;6153.544
42;1988;88.036;6153.544
42;1989;88.036;6153.544
42;1990;88.036;6153.544
42;1991;88.036;6153.544
42;1992;88.036;6153.544
42;1993;88.036;6153.544
42;1994;88.036;6153.544
42;1995;88.036;6153.544
42;1996;88.036;6153.544
42;1997;88.036;6153.544
42;1998;88.036;6153.544
42;1999;88.036;6153.544
42;2000;88.036;6153.544
42;2001;88.036;6153.544
42;2002;88.036;6153.544
42;2003;88.036;6153.544
42;2004;88.036;6153.544
42;2005;88.036;6153.544
42;2006;88.036;6153.544
42;2007;88.036;6153.544
42;2008;88.036;6153.544
42;2009;88.036;6153.544
42;2010;88.036;6153.544
42;2011;88.036;6153.544
42;2012;88.036;6153.544
42;2013;88.036;6153.544
42;2014;88.036;6153.544
42;2015;88.036;6153.544
42;2016;88.036;6153.544
42;2017;88.036;6153.544
43;1982;79.004;6184.942
43;1983;79.004;6184.942
43;1984;79.004;6184.942
43;1985;79.004;6184.942
43;1986;79.004;6184.942
43;1987;79.004;6184.942
43;1988;79.004;6184.942
43;1989;79.004;6184.942
43;1990;79.004;6184.942
43;1991;79.004;6184.942
43;1992;79.004;6184.942
43;1993;79.004;6184.942
43;1994;79.004;6184.942
43;1995;79.004;6184.942
43;1996;79.004;6184.942
43;1997;79.004;6184.942
43;1998;79.004;6184.942
43;1999;79.004;6184.942
43;2000;79.004;6184.942
43;2001;79.004;6184.942
43;2002;79.004;6184.942
43;2003;79.004;6184.942
43;2004;79.004;6184.942
43;2005;79.004;6184.942
43;2006;79.004;6184.942
43;2007;79.004;6184.942
43;2008;79.004;6184.942
43;2009;79.004;6184.942
43;2010;79.004;6184.942
43;2011;79.004;6184.942
43;2012;79.004;6184.942
43;2013;79.004;6184.942
43;2014;79.004;6184.942
43;2015;79.004;6184.942
43;2016;79.004;6184.942
43;2017;79.004;6184.942
44;1982;82.261;6828.056
44;1983;82.261;6828.056
44;1984;82.261;6828.056
44;1985;82.261;6828.056
44;1986;82.261;6828.056
44;1987;82.261;6828.056
44;1988;82.261;6828.056
44;1989;82.261;6828.056
44;1990;82.261;6828.056
44;1991;82.261;6828.056
44;1992;82.261;6828.056
44;1993;82.261;6828.056
44;1994;82.261;6828.056
44;1995;82.261;6828.056
44;1996;82.261;6828.056
44;1997;82.261;6828.056
44;1998;82.261;6828.056
44;1999;82.261;6828.056
44;2000;82.261;6828.056
44;2001;82.261;6828.056
44;2002;82.261;6828.056
44;2003;82.261;6828.056
44;2004;82.261;6828.056
44;2005;82.261;6828.056
44;2006;82.261;6828.056
44;2007;82.261;6828.056
44;2008;82.261;6828.056
44;2009;82.261;6828.056
44;2010;82.261;6828.056
44;2011;82.261;6828.056
44;2012;82.261;6828.056
44;2013;82.261;6828.056
44;2014;82.261;6828.056
44;2015;82.261;6828.056
44;2016;82.261;6828.056
44;2017;82.261;6828.056
45;1982;82.292;6841.016
45;1983;82.292;6841.016
45;1984;82.292;6841.016
45;1985;82.292;6841.016
45;1986;82.292;6841.016
45;1987;82.292;6841.016
45;1988;82.292;6841.016
45;1989;82.292;6841.016
45;1990;82.292;6841.016
45;1991;82.292;6841.016
45;1992;82.292;6841.016
45;1993;82.292;6841.016
45;1994;82.292;6841.016
45;1995;82.292;6841.016
45;1996;82.292;6841.016
45;1997;82.292;6841.016
45;1998;82.292;6841.016
45;1999;82.292;6841.016
45;2000;82.292;6841.016
45;2001;82.292;6841.016
45;2002;82.292;6841.016
45;2003;82.292;6841.016
45;2004;82.292;6841.016
45;2005;82.292;6841.016
45;2006;82.292;6841.016
45;2007;82.292;6841.016
45;2008;82.292;6841.016
45;2009;82.292;6841.016
45;2010;82.292;6841.016
45;2011;82.292;6841.016
45;2012;82.292;6841.016
45;2013;82.292;6841.016
45;2014;82.292;6841.016
45;2015;82.292;6841.016
45;2016;82.292;6841.016
45;2017;82.292;6841.016
46;1982;81.031;6881.918
46;1983;81.031;6881.918
46;1984;81.031;6881.918
46;1985;81.031;6881.918
46;1986;81.031;6881.918
46;1987;81.031;6881.918
46;1988;81.031;6881.918
46;1989;81.031;6881.918
46;1990;81.031;6881.918
46;1991;81.031;6881.918
46;1992;81.031;6881.918
46;1993;81.031;6881.918
46;1994;81.031;6881.918
46;1995;81.031;6881.918
46;1996;81.031;6881.918
46;1997;81.031;6881.918
46;1998;81.031;6881.918
46;1999;81.031;6881.918
46;2000;81.031;6881.918
46;2001;81.031;6881.918
46;2002;81.031;6881.918
46;2003;81.031;6881.918
46;2004;81.031;6881.918
46;2005;81.031;6881.918
46;2006;81.031;6881.918
46;2007;81.031;6881.918
46;2008;81.031;6881.918
46;2009;81.031;6881.918
46;2010;81.031;6881.918
46;2011;81.031;6881.918
46;2012;81.031;6881.918
46;2013;81.031;6881.918
46;2014;81.031;6881.918
46;2015;81.031;6881.918
46;2016;81.031;6881.918
46;2017;81.031;6881.918
47;1982;80.773;6734.531
47;1983;80.773;6734.531
47;1984;80.773;6734.531
47;1985;80.773;6734.531
47;1986;80.773;6734.531
47;1987;80.773;6734.531
47;1988;80.773;6734.531
47;1989;80.773;6734.531
47;1990;80.773;6734.531
47;1991;80.773;6734.531
47;1992;80.773;6734.531
47;1993;80.773;6734.531
47;1994;80.773;6734.531
47;1995;80.773;6734.531
47;1996;80.773;6734.531
47;1997;80.773;6734.531
47;1998;80.773;6734.531
47;1999;80.773;6734.531
47;2000;80.773;6734.531
47;2001;80.773;6734.531
47;2002;80.773;6734.531
47;2003;80.773;6734.531
47;2004;80.773;6734.531
47;2005;80.773;6734.531
47;2006;80.773;6734.531
47;2007;80.773;6734.531
47;2008;80.773;6734.531
47;2009;80.773;6734.531
47;2010;80.773;6734.531
47;2011;80.773;6734.531
47;2012;80.773;6734.531
47;2013;80.773;6734.531
47;2014;80.773;6734.531
47;2015;80.773;6734.531
47;2016;80.773;6734.531
47;2017;80.773;6734.531
48;1982;65.74;7349.289
48;1983;65.74;7349.289
48;1984;65.74;7349.289
48;1985;65.74;7349.289
48;1986;65.74;7349.289
48;1987;65.74;7349.289
48;1988;65.74;7349.289
48;1989;65.74;7349.289
48;1990;65.74;7349.289
48;1991;65.74;7349.289
48;1992;65.74;7349.289
48;1993;65.74;7349.289
48;1994;65.74;7349.289
48;1995;65.74;7349.289
48;1996;65.74;7349.289
48;1997;65.74;7349.289
48;1998;65.74;7349.289
48;1999;65.74;7349.289
48;2000;65.74;7349.289
48;2001;65.74;7349.289
48;2002;65.74;7349.289
48;2003;65.74;7349.289
48;2004;65.74;7349.289
48;2005;65.74;7349.289
48;2006;65.74;7349.289
48;2007;65.74;7349.289
48;2008;65.74;7349.289
48;2009;65.74;7349.289
48;2010;65.74;7349.289
48;2011;65.74;7349.289
48;2012;65.74;7349.289
48;2013;65.74;7349.289
48;2014;65.74;7349.289
48;2015;65.74;7349.289
48;2016;65.74;7349.289
48;2017;65.74;7349.289
49;1982;65.749;7405.264
49;1983;65.749;7405.264
49;1984;65.749;7405.264
49;1985;65.749;7405.264
49;1986;65.749;7405.264
49;1987;65.749;7405.264
49;1988;65.749;7405.264
49;1989;65.749;7405.264
49;1990;65.749;7405.264
49;1991;65.749;7405.264
49;1992;65.749;7405.264
49;1993;65.749;7405.264
49;1994;65.749;7405.264
49;1995;65.749;7405.264
49;1996;65.749;7405.264
49;1997;65.749;7405.264
49;1998;65.749;7405.264
49;1999;65.749;7405.264
49;2000;65.749;7405.264
49;2001;65.749;7405.264
49;2002;65.749;7405.264
49;2003;65.749;7405.264
49;2004;65.749;7405.264
49;2005;65.749;7405.264
49;2006;65.749;7405.264
49;2007;65.749;7405.264
49;2008;65.749;7405.264
49;2009;65.749;7405.264
49;2010;65.749;7405.264
49;2011;65.749;7405.264
49;2012;65.749;7405.264
49;2013;65.749;7405.264
49;2014;65.749;7405.264
49;2015;65.749;7405.264
49;2016;65.749;7405.264
49;2017;65.749;7405.264
50;1982;73.71;7405.177
50;1983;73.71;7405.177
50;1984;73.71;7405.177
50;1985;73.71;7405.177
50;1986;73.71;7405.177
50;1987;73.71;7405.177
50;1988;73.71;7405.177
50;1989;73.71;7405.177
50;1990;73.71;7405.177
50;1991;73.71;7405.177
50;1992;73.71;7405.177
50;1993;73.71;7405.177
50;1994;73.71;7405.177
50;1995;73.71;7405.177
50;1996;73.71;7405.177
50;1997;73.71;7405.177
50;1998;73.71;7405.177
50;1999;73.71;7405.177
50;2000;73.71;7405.177
50;2001;73.71;7405.177
50;2002;73.71;7405.177
50;2003;73.71;7405.177
50;2004;73.71;7405.177
50;2005;73.71;7405.177
50;2006;73.71;7405.177
50;2007;73.71;7405.177
50;2008;73.71;7405.177
50;2009;73.71;7405.177
50;2010;73.71;7405.177
50;2011;73.71;7405.177
50;2012;73.71;7405.177
50;2013;73.71;7405.177
50;2014;73.71;7405.177
50;2015;73.71;7405.177
50;2016;73.71;7405.177
50;2017;73.71;7405.177
51;1982;98.632;6488.267
51;1983;98.632;6488.267
51;1984;98.632;6488.267
51;1985;98.632;6488.267
51;1986;98.632;6488.267
51;1987;98.632;6488.267
51;1988;98.632;6488.267
51;1989;98.632;6488.267
51;1990;98.632;6488.267
51;1991;98.632;6488.267
51;1992;98.632;6488.267
51;1993;98.632;6488.267
51;1994;98.632;6488.267
51;1995;98.632;6488.267
51;1996;98.632;6488.267
51;1997;98.632;6488.267
51;1998;98.632;6488.267
51;1999;98.632;6488.267
51;2000;98.632;6488.267
51;2001;98.632;6488.267
51;2002;98.632;6488.267
51;2003;98.632;6488.267
51;2004;98.632;6488.267
51;2005;98.632;6488.267
51;2006;98.632;6488.267
51;2007;98.632;6488.267
51;2008;98.632;6488.267
51;2009;98.632;6488.267
51;2010;98.632;6488.267
51;2011;98.632;6488.267
51;2012;98.632;6488.267
51;2013;98.632;6488.267
51;2014;98.632;6488.267
51;2015;98.632;6488.267
51;2016;98.632;6488.267
51;2017;98.632;6488.267
52;1982;84.044;6264.093
52;1983;84.044;6264.093
52;1984;84.044;6264.093
52;1985;84.044;6264.093
52;1986;84.044;6264.093
52;1987;84.044;6264.093
52;1988;84.044;6264.093
52;1989;84.044;6264.093
52;1990;84.044;6264.093
52;1991;84.044;6264.093
52;1992;84.044;6264.093
52;1993;84.044;6264.093
52;1994;84.044;6264.093
52;1995;84.044;6264.093
52;1996;84.044;6264.093
52;1997;84.044;6264.093
52;1998;84.044;6264.093
52;1999;84.044;6264.093
52;2000;84.044;6264.093
52;2001;84.044;6264.093
52;2002;84.044;6264.093
52;2003;84.044;6264.093
52;2004;84.044;6264.093
52;2005;84.044;6264.093
52;2006;84.044;6264.093
52;2007;84.044;6264.093
52;2008;84.044;6264.093
52;2009;84.044;6264.093
52;2010;84.044;6264.093
52;2011;84.044;6264.093
52;2012;84.044;6264.093
52;2013;84.044;6264.093
52;2014;84.044;6264.093
52;2015;84.044;6264.093
52;2016;84.044;6264.093
52;2017;84.044;6264.093
53;1982;85.636;6327.543
53;1983;85.636;6327.543
53;1984;85.636;6327.543
53;1985;85.636;6327.543
53;1986;85.636;6327.543
53;1987;85.636;6327.543
53;1988;85.636;6327.543
53;1989;85.636;6327.543
53;1990;85.636;6327.543
53;1991;85.636;6327.543
53;1992;85.636;6327.543
53;1993;85.636;6327.543
53;1994;85.636;6327.543
53;1995;85.636;6327.543
53;1996;85.636;6327.543
53;1997;85.636;6327.543
53;1998;85.636;6327.543
53;1999;85.636;6327.543
53;2000;85.636;6327.543
53;2001;85.636;6327.543
53;2002;85.636;6327.543
53;2003;85.636;6327.543
53;2004;85.636;6327.543
53;2005;85.636;6327.543
53;2006;85.636;6327.543
53;2007;85.636;6327.543
53;2008;85.636;6327.543
53;2009;85.636;6327.543
53;2010;85.636;6327.543
53;2011;85.636;6327.543
53;2012;85.636;6327.543
53;2013;85.636;6327.543
53;2014;85.636;6327.543
53;2015;85.636;6327.543
53;2016;85.636;6327.543
53;2017;85.636;6327.543
